{
  "spec/campaigns/campaign_manager_spec.rb": 0.003979206085205078,
  "spec/controllers/application_controller/location_storing_spec.rb": 0.010770797729492188,
  "spec/controllers/application_controller_spec.rb": 0.2591133117675781,
  "spec/controllers/concerns/automatic_discounts_spec.rb": 0.4336557388305664,
  "spec/controllers/concerns/site_version_spec.rb": 0.6451256275177002,
  "spec/controllers/moodboard_item_comments_controller_spec.rb": 3.227677345275879,
  "spec/controllers/products/base_controller_spec.rb": 0.5450048446655273,
  "spec/controllers/products/collections_controller_spec.rb": 0.2723393440246582,
  "spec/controllers/products/details_controller_spec.rb": 0.700552225112915,
  "spec/controllers/shippo/shipments_controller_spec.rb": 0.22553610801696777,
  "spec/controllers/sitemaps_controller_spec.rb": 0.08402538299560547,
  "spec/controllers/sitewide_partials_spec.rb": 0.5392446517944336,
  "spec/controllers/spree/admin/general_settings_controller_spec.rb": 0.0820620059967041,
  "spec/controllers/spree/admin/products_controller_spec.rb": 1.2606656551361084,
  "spec/controllers/statics_controller_spec.rb": 0.12123775482177734,
  "spec/controllers/style/quiz_controller_spec.rb": 0.41150784492492676,
  "spec/controllers/user_cart/products_controller_spec.rb": 0.8309834003448486,
  "spec/controllers/users/orders_controller_spec.rb": 0.22429704666137695,
  "spec/deploy/hooks_spec.rb": 26.23383402824402,
  "spec/features/authentication_spec.rb": 1.3396389484405518,
  "spec/features/checkout/payment_step_spec.rb": 1.9379465579986572,
  "spec/features/marketing/body_shape_calculator_request_spec.rb": 0.05443215370178223,
  "spec/features/marketing/utm_order_tracking_spec.rb": 0.9334983825683594,
  "spec/features/marketing_tracking_spec.rb": 0.1561274528503418,
  "spec/features/orders/change_site_version_spec.rb": 0.940070629119873,
  "spec/features/orders/show_spec.rb": 15.659205675125122,
  "spec/features/product_details_page_spec.rb": 39.3776113986969,
  "spec/features/size_guide_spec.rb": 0.18795275688171387,
  "spec/features/static_pages_spec.rb": 0.36571240425109863,
  "spec/helpers/application_helper_spec.rb": 0.008178234100341797,
  "spec/helpers/cache_keys_helper_spec.rb": 0.03843235969543457,
  "spec/helpers/checkout_helper_spec.rb": 0.2585563659667969,
  "spec/helpers/date_helper_spec.rb": 0.008924484252929688,
  "spec/helpers/marketing_helper_spec.rb": 0.03459000587463379,
  "spec/helpers/path_builders_helper_spec.rb": 0.034618377685546875,
  "spec/helpers/seo_helpers_spec.rb": 0.05485415458679199,
  "spec/integration/marketing/feeds/shopstyle_spec.rb": 0.009688377380371094,
  "spec/integration/pin_payment_service_spec.rb": 0.06266188621520996,
  "spec/lib/batch_upload/accessory_images_uploader_spec.rb": 0.0162966251373291,
  "spec/lib/batch_upload/render3d_images_uploader_spec.rb": 0.04488062858581543,
  "spec/lib/feeds/base_spec.rb": 0.04964923858642578,
  "spec/lib/importers/sku_generation_spec.rb": 0.028545618057250977,
  "spec/lib/middleware/detectors/domain_spec.rb": 0.022263288497924805,
  "spec/lib/middleware/detectors/path_spec.rb": 0.023723363876342773,
  "spec/lib/middleware/detectors/subdomain_spec.rb": 0.01922750473022461,
  "spec/lib/products/products_filter_spec.rb": 0.0015873908996582031,
  "spec/lib/spree/core/ssl_requirement_spec.rb": 0.07035970687866211,
  "spec/lib/taxes/californian_calculator_spec.rb": 0.47750306129455566,
  "spec/mailers/order_return_request_mailer_spec.rb": 0.12841033935546875,
  "spec/mailers/refund_mailer_spec.rb": 0.4267547130584717,
  "spec/mailers/spree/contact_mailer_spec.rb": 0.1425609588623047,
  "spec/mailers/spree/order_mailer_spec.rb": 0.5272531509399414,
  "spec/mailers/spree/user_mailer_spec.rb": 0.05964303016662598,
  "spec/models/admin/bulk_order_update_spec.rb": 0.029876232147216797,
  "spec/models/custom_item_sku_spec.rb": 4.783609628677368,
  "spec/models/customisation_value_spec.rb": 0.6327633857727051,
  "spec/models/discount_spec.rb": 0.08675217628479004,
  "spec/models/fabric_card_colour_spec.rb": 0.0186767578125,
  "spec/models/fabric_card_spec.rb": 0.020084142684936523,
  "spec/models/fabric_colour_spec.rb": 0.02054119110107422,
  "spec/models/fabrication_event_spec.rb": 0.1409158706665039,
  "spec/models/fabrication_spec.rb": 0.02814626693725586,
  "spec/models/facebook_data_spec.rb": 0.02412104606628418,
  "spec/models/factory_spec.rb": 0.017137527465820312,
  "spec/models/forms/micro_influencer_spec.rb": 0.12929010391235352,
  "spec/models/forms/style_session_spec.rb": 0.29209160804748535,
  "spec/models/forms/wedding_planning_spec.rb": 0.2006514072418213,
  "spec/models/global_sku/create_spec.rb": 1.2732138633728027,
  "spec/models/global_sku_spec.rb": 0.07919144630432129,
  "spec/models/item_return_event_spec.rb": 0.39107298851013184,
  "spec/models/item_return_spec.rb": 0.03239178657531738,
  "spec/models/line_item_making_option_spec.rb": 0.005597829818725586,
  "spec/models/line_item_personalization_spec.rb": 0.2780156135559082,
  "spec/models/marketing/body_calculator_measure_spec.rb": 0.1393437385559082,
  "spec/models/marketing/gtm/presenter/collection_spec.rb": 0.21701622009277344,
  "spec/models/marketing/gtm/presenter/device_spec.rb": 0.11463332176208496,
  "spec/models/marketing/gtm/presenter/event_spec.rb": 0.00641942024230957,
  "spec/models/marketing/gtm/presenter/line_item_spec.rb": 1.737320899963379,
  "spec/models/marketing/gtm/presenter/order_spec.rb": 1.0619699954986572,
  "spec/models/marketing/gtm/presenter/page_spec.rb": 0.006165266036987305,
  "spec/models/marketing/gtm/presenter/product_spec.rb": 0.02833724021911621,
  "spec/models/marketing/gtm/presenter/site_spec.rb": 0.01403951644897461,
  "spec/models/marketing/gtm/presenter/user_spec.rb": 0.025814533233642578,
  "spec/models/marketing/gtm/presenter/variant_spec.rb": 0.15855002403259277,
  "spec/models/moodboard_item_comment_spec.rb": 0.7399246692657471,
  "spec/models/moodboard_item_event_spec.rb": 0.05877423286437988,
  "spec/models/moodboard_item_spec.rb": 0.15767478942871094,
  "spec/models/moodboard_spec.rb": 0.18915581703186035,
  "spec/models/order_return_request_spec.rb": 0.0267183780670166,
  "spec/models/payment_request_spec.rb": 0.04841732978820801,
  "spec/models/preferences/base_spec.rb": 0.007881879806518555,
  "spec/models/preferences/locale_warn_spec.rb": 0.011142253875732422,
  "spec/models/preferences/seo_spec.rb": 0.03013753890991211,
  "spec/models/preferences/shopping_bag_spec.rb": 0.022092819213867188,
  "spec/models/preferences/titles_spec.rb": 0.010906696319580078,
  "spec/models/preferences/top_banner_spec.rb": 0.02605414390563965,
  "spec/models/product_color_value_spec.rb": 0.3057518005371094,
  "spec/models/product_making_option_spec.rb": 1.1259057521820068,
  "spec/models/redirected_search_term_spec.rb": 0.035741567611694336,
  "spec/models/render3d/image_spec.rb": 0.08092665672302246,
  "spec/models/return_request_item_mapping_spec.rb": 0.0016856193542480469,
  "spec/models/return_request_item_spec.rb": 0.12479805946350098,
  "spec/models/simple_key_value_spec.rb": 0.044951677322387695,
  "spec/models/site_version_spec.rb": 0.06707334518432617,
  "spec/models/skus/generator_spec.rb": 0.004448413848876953,
  "spec/models/spree/address_spec.rb": 1.5645537376403809,
  "spec/models/spree/banner_box_spec.rb": 1.4272537231445312,
  "spec/models/spree/calculator/lowest_price_item_discount_spec.rb": 0.18872332572937012,
  "spec/models/spree/calculator/personalization_discount_spec.rb": 0.07055115699768066,
  "spec/models/spree/calculator/progressive_percents_spec.rb": 0.0372769832611084,
  "spec/models/spree/calculator/sale_shipping_spec.rb": 0.10671687126159668,
  "spec/models/spree/image_spec.rb": 0.028580904006958008,
  "spec/models/spree/line_item_spec.rb": 4.83735728263855,
  "spec/models/spree/option_type_spec.rb": 0.016933441162109375,
  "spec/models/spree/option_value_spec.rb": 0.03111720085144043,